kmer,case,control,case_skew,control_skew,z
AA,291161,5733158,-0.00314946026425242,-0.00149376661169987,1.3265492871199
AC,172788,3406945,-0.00358821214436188,-0.00201030542025187,0.422425543263385
AG,244209,4810666,-0.00251014499875107,-0.000755404761003986,0.989827955953329
AT,225778,4444198,0,0,1.32465134346655
CA,252143,4986105,-0.000805098693995074,-0.00170894916974272,-1.00132350340859
CC,210251,4155095,-0.00410461781394619,-0.00083487862491712,-0.612123082317952
CG,50410,1001090,0,0,-1.39339862993698
CT,244209,4810666,0.00251014499875107,0.000755404761003986,0.989827955953329
GA,203409,4029281,0.00153877163743984,-0.00046881813405419,-1.68836674201323
GC,170476,3362224,0,0,0.310316643277286
GG,210251,4155095,0.00410461781394619,0.00083487862491712,-0.612123082317952
GT,172788,3406945,0.00358821214436188,0.00201030542025187,0.422425543263385
TA,184716,3647322,0,0,-0.191477477884617
TC,203409,4029281,-0.00153877163743984,0.00046881813405419,-1.68836674201323
TG,252143,4986105,0.000805098693995074,0.00170894916974272,-1.00132350340859
TT,291161,5733158,0.00314946026425242,0.00149376661169987,1.3265492871199
